{"[\"Neutral\", \"Confused\", 0, 0, true]": {"normal": -0.60892, "hint": -0.7000000000000001, "repeat": -0.7000000000000001, "simplify": 0.0, "motivate": -0.7000000000000001}, "[\"Neutral\", \"Neutral\", 0, 0, true]": {"normal": 6.353814718021226, "hint": -0.7424002108135237, "repeat": -0.8021313955518563, "simplify": -0.39744529368865605, "motivate": -0.034444719175084126}, "[\"Neutral\", \"Confused\", 0, 1, true]": {"normal": -0.8, "hint": 0.0, "repeat": 0.0, "simplify": 0.0, "motivate": 0.0}, "[\"Neutral\", \"Neutral\", 0, 1, true]": {"normal": 8.293422819610162, "hint": -1.010469405991992, "repeat": 0.0, "simplify": 0.0, "motivate": 0.0}, "[\"Neutral\", \"Happy\", 0, 0, true]": {"normal": 0.55, "hint": -0.5, "repeat": -0.5, "simplify": 0.0, "motivate": -0.5}, "[\"Neutral\", \"Happy\", 0, 1, true]": {"normal": 4.410895509, "hint": 0.0, "repeat": 0.0, "simplify": 0.0, "motivate": 0.0}, "[\"Neutral\", \"Neutral\", 1, 1, true]": {"normal": 1.5263660654162248, "hint": -0.5686232327484001, "repeat": 0.0, "simplify": -1.11084, "motivate": -0.6000000000000001}, "[\"Neutral\", \"Confused\", 1, 1, true]": {"normal": -0.8, "hint": -0.8, "repeat": 0.0, "simplify": 0.0, "motivate": 0.0}, "[\"Neutral\", \"Neutral\", 1, 0, true]": {"normal": 3.722104678721734, "hint": -0.5, "repeat": -1.267271494421, "simplify": -0.38408875851466845, "motivate": 0.0}, "[\"Neutral\", \"Neutral\", 2, 1, true]": {"normal": -0.6000000000000001, "hint": -0.6000000000000001, "repeat": 0.0, "simplify": 0.0, "motivate": 0.0}, "[\"Neutral\", \"Neutral\", 2, 0, true]": {"normal": 4.3669850599, "hint": 0.0, "repeat": 0.0, "simplify": -0.41, "motivate": 0.0}, "[\"Neutral\", \"Neutral\", 3, 0, true]": {"normal": 0.49, "hint": 0.0, "repeat": 0.0, "simplify": 0.0, "motivate": 0.0}, "[\"Neutral\", \"Neutral\", 4, 0, true]": {"normal": 1.0, "hint": 0.0, "repeat": 0.0, "simplify": 0.0, "motivate": 0.0}, "[\"Neutral\", \"Happy\", 1, 0, true]": {"normal": -0.5, "hint": 0.0, "repeat": 0.0, "simplify": 0.0, "motivate": 0.0}}